{
    "averageScoreClasses": 0.6977113031796244,
    "MIOU": 0.4137909696585556,
    "classScores": {
        "road": 0.9211456734185681,
        "sidewalk": 0.39703013984413515,
        "building": 0.7696857746632921,
        "wall": 0.5080118131889717,
        "fence": 0.4915514155870105,
        "pole": 0.6746674905202688,
        "traffic light": 0.7167739199181062,
        "traffic sign": 0.8842811114390188,
        "vegetation": 0.9332189477769782,
        "terrain": 0.1979080056210286,
        "sky": 0.8687850401639655,
        "person": 0.7001228669958256,
        "rider": 0.5539230917188217,
        "car": 0.5994545937045102,
        "truck": 0.2639496521443545,
        "bus": 0.06091081043054734,
        "train": 0.09966969331237693,
        "motorcycle": 0.29747544146883403,
        "bicycle": 0.830851960882099
    },
    "labels": {
        "road": 7,
        "sidewalk": 8,
        "building": 11,
        "wall": 12,
        "fence": 13,
        "pole": 17,
        "traffic light": 19,
        "traffic sign": 20,
        "vegetation": 21,
        "terrain": 22,
        "sky": 23,
        "person": 24,
        "rider": 25,
        "car": 26,
        "truck": 27,
        "bus": 28,
        "train": 31,
        "motorcycle": 32,
        "bicycle": 33
    },
    "confMatrix": [
        [
            184450334,
            50728618,
            3340193,
            652121,
            1252707,
            755300,
            3691,
            41341,
            89224,
            13187947,
            292866,
            2632576,
            453152,
            34753184,
            3991356,
            43902379,
            3771179,
            648601,
            317673
        ],
        [
            2630885,
            37699827,
            2445418,
            604454,
            250695,
            89080,
            38,
            4807,
            218299,
            3858092,
            8156,
            118702,
            19931,
            851800,
            53633,
            390494,
            215243,
            22956,
            86142
        ],
        [
            3539909,
            520440,
            188357492,
            154499,
            483039,
            655842,
            139194,
            128000,
            3282401,
            131320,
            1215113,
            324023,
            44675,
            578785,
            362414,
            699020,
            293205,
            6821,
            89236
        ],
        [
            108983,
            293045,
            2941760,
            2068998,
            534229,
            48720,
            0,
            2917,
            308054,
            129108,
            5714,
            32656,
            10693,
            151142,
            34417,
            21879,
            6027,
            172,
            19801
        ],
        [
            45103,
            97660,
            2498289,
            308948,
            3852547,
            96593,
            17,
            44094,
            328263,
            57178,
            11257,
            21285,
            2284,
            53605,
            27314,
            22461,
            25958,
            211,
            28674
        ],
        [
            261595,
            548569,
            3956910,
            38560,
            217842,
            6686728,
            118560,
            52681,
            994799,
            195529,
            122178,
            58772,
            4626,
            129631,
            24322,
            91684,
            11170,
            15574,
            35928
        ],
        [
            38133,
            3911,
            314035,
            80,
            2632,
            53968,
            1193139,
            4790,
            159310,
            1547,
            15027,
            2455,
            3890,
            3466,
            2582,
            8964,
            107,
            133,
            224
        ],
        [
            129803,
            33565,
            1419279,
            8400,
            70748,
            142255,
            25406,
            3931245,
            192492,
            10262,
            17704,
            20516,
            1523,
            47692,
            19751,
            19348,
            4142,
            312,
            3930
        ],
        [
            5749909,
            354366,
            31211466,
            68259,
            764898,
            927606,
            176276,
            111025,
            110294736,
            4078264,
            917399,
            123663,
            52048,
            535554,
            760678,
            2681858,
            25885,
            4357,
            29761
        ],
        [
            214008,
            769079,
            144202,
            134987,
            96746,
            19612,
            20,
            2021,
            647423,
            5375071,
            855,
            3740,
            2460,
            96414,
            12452,
            87549,
            6542,
            301,
            11544
        ],
        [
            2277579,
            3247757,
            5577686,
            660,
            34980,
            89466,
            6437,
            67426,
            144120,
            25816,
            18007556,
            77794,
            35518,
            117287,
            175750,
            622435,
            251400,
            5,
            5675
        ],
        [
            94788,
            265062,
            1017095,
            12172,
            54631,
            137852,
            69,
            8318,
            543719,
            32654,
            2786,
            9404908,
            89996,
            135661,
            11166,
            19018,
            2666,
            17558,
            63305
        ],
        [
            18006,
            11416,
            62611,
            417,
            8488,
            6973,
            53,
            680,
            103205,
            2279,
            68,
            327964,
            1198016,
            35658,
            7230,
            14761,
            70,
            68319,
            109382
        ],
        [
            380159,
            86184,
            507933,
            15392,
            41275,
            81670,
            402,
            34597,
            357334,
            31149,
            11399,
            100825,
            20958,
            56687043,
            484812,
            823969,
            8603,
            13408,
            44105
        ],
        [
            79661,
            107834,
            64493,
            772,
            2232,
            8907,
            45,
            548,
            21165,
            1151,
            81174,
            4519,
            4984,
            67813,
            2181182,
            132687,
            246,
            509,
            289
        ],
        [
            72280,
            839,
            66453,
            1166,
            4431,
            7389,
            688,
            2729,
            30126,
            2177,
            6856,
            6549,
            745,
            18729,
            38966,
            3224824,
            75129,
            3012,
            32
        ],
        [
            77242,
            733,
            208782,
            255,
            16714,
            6038,
            530,
            1168,
            24194,
            632,
            10739,
            92,
            91,
            7249,
            4275,
            152604,
            520185,
            120,
            5
        ],
        [
            11428,
            12397,
            34585,
            56,
            25906,
            12776,
            8,
            4625,
            28913,
