{
    "averageScoreClasses": 0.8220710291480284,
    "MIOU": 0.5489342999658204,
    "classScores": {
        "road": 0.7958177006862142,
        "sidewalk": 0.5701453828914461,
        "building": 0.9415683789295108,
        "wall": 0.6853879719233591,
        "fence": 0.6100487676610107,
        "pole": 0.5944359510605378,
        "traffic light": 0.7278684054714261,
        "traffic sign": 0.7858051177549437,
        "vegetation": 0.9538850849082424,
        "terrain": 0.5903897846385969,
        "sky": 0.8701059949276021,
        "person": 0.5928107050087214,
        "rider": 0.6524997215382337,
        "car": 0.9275629536579998,
        "truck": 0.6783542010622803,
        "bus": 0.7965096073216859,
        "train": 0.5078606764317085,
        "motorcycle": 0.6506707649353114,
        "bicycle": 0.7639851373671924
    },
    "labels": {
        "road": 7,
        "sidewalk": 8,
        "building": 11,
        "wall": 12,
        "fence": 13,
        "pole": 17,
        "traffic light": 19,
        "traffic sign": 20,
        "vegetation": 21,
        "terrain": 22,
        "sky": 23,
        "person": 24,
        "rider": 25,
        "car": 26,
        "truck": 27,
        "bus": 28,
        "train": 31,
        "motorcycle": 32,
        "bicycle": 33
    },
    "confMatrix": [
        [
            317251847,
            22867090,
            399491,
            53906,
            170564,
            527919,
            3406,
            18174,
            155282,
            603412,
            282892,
            874483,
            12015,
            1597718,
            55020,
            174486,
            46047,
            31724,
            138966
        ],
        [
            3470915,
            44072091,
            324705,
            128984,
            266439,
            117993,
            1,
            3694,
            85755,
            419437,
            97202,
            228930,
            5794,
            121261,
            10775,
            12128,
            7177,
            19382,
            175989
        ],
        [
            29254837,
            2028049,
            158701129,
            636611,
            897059,
            1997063,
            175759,
            624725,
            3152694,
            82565,
            580813,
            1295807,
            54571,
            547563,
            281926,
            81364,
            316122,
            12239,
            284532
        ],
        [
            884187,
            414311,
            817473,
            3416023,
            660680,
            59735,
            0,
            7468,
            199444,
            69188,
            1267,
            92294,
            2630,
            53248,
            11351,
            252,
            3360,
            707,
            24697
        ],
        [
            499349,
            85199,
            504392,
            322216,
            5498458,
            55137,
            492,
            61315,
            133527,
            30783,
            2908,
            174623,
            1887,
            32995,
            16237,
            374,
            38805,
            2405,
            60639
        ],
        [
            1460765,
            502670,
            1417020,
            48987,
            239124,
            8390020,
            136743,
            129701,
            557296,
            95882,
            49481,
            209174,
            6101,
            158097,
            1573,
            16979,
            15125,
            19436,
            111484
        ],
        [
            339716,
            10036,
            98519,
            35,
            618,
            77615,
            1105167,
            8515,
            115086,
            1792,
            3904,
            30274,
            6100,
            5809,
            651,
            284,
            2666,
            13,
            1593
        ],
        [
            926904,
            50383,
            260159,
            6485,
            106868,
            102117,
            20490,
            4392950,
            103074,
            8154,
            9757,
            43624,
            676,
            43494,
            2769,
            2996,
            6783,
            754,
            9936
        ],
        [
            25867589,
            890721,
            3547170,
            206538,
            551540,
            1397247,
            71124,
            207215,
            122241876,
            2181328,
            245166,
            698540,
            39971,
            483433,
            9995,
            43928,
            43077,
            5525,
            136025
        ],
        [
            459174,
            970559,
            44006,
            84169,
            147907,
            29614,
            0,
            2776,
            556179,
            5158859,
            9,
            116555,
            2034,
            25908,
            523,
            2137,
            259,
            200,
            24158
        ],
        [
            12179737,
            4825594,
            1489359,
            1424,
            125803,
            1038903,
            2100,
            26844,
            480119,
            24100,
            8611178,
            1099632,
            51676,
            698261,
            3175,
            3437,
            15846,
            1337,
            86822
        ],
        [
            748233,
            178639,
            373083,
            27284,
            81765,
            111220,
            408,
            18890,
            83094,
            9806,
            826,
            9648392,
            290572,
            121204,
            1489,
            6747,
            4737,
            34621,
            172414
        ],
        [
            223180,
            7475,
            28695,
            1376,
            10076,
            6271,
            15,
            1440,
            23000,
            1337,
            70,
            204275,
            1206763,
            25137,
            81,
            1991,
            25,
            37554,
            196835
        ],
        [
            3296895,
            214816,
            318381,
            21813,
            130587,
            114112,
            961,
            74944,
            170058,
            36217,
            6715,
            1063111,
            27771,
            53357187,
            347756,
            282413,
            59562,
            39805,
            168113
        ],
        [
            754426,
            104196,
            39175,
            15707,
            1325,
            30105,
            130,
            1961,
            14046,
            4484,
            1451,
            27723,
            912,
            123937,
            1604887,
            27170,
            6886,
            108,
            1582
        ],
        [
            625504,
            1443,
            25691,
            1250,
            17361,
            12095,
            736,
            4720,
            28825,
            1888,
            48,
            32560,
            3827,
            46566,
            9498,
            2614996,
            134277,
            59,
            1776
        ],
        [
            209112,
            822,
            47068,
            641,
            5692,
            4403,
            712,
            810,
            11894,
            171,
            2891,
            1630,
            1436,
            8734,
            1786,
            9085,
            724576,
            47,
            138
        ],
        [
            30020,
            10585,
            12312,
            447,
            27717,
            9227,
            117,
            1344,
            2654,
            136,
